{
    "backtest": {
        "balance_sample_divider": 60,
        "base_dir": "backtests",
        "btc_collateral_cap": 0.7,
        "btc_collateral_ltv_cap": null,
        "combine_ohlcvs": true,
        "compress_cache": true,
        "end_date": "now",
        "exchanges": ["binance","bybit"],
        "filter_by_min_effective_cost": false,
        "gap_tolerance_ohlcvs_minutes": 120,
        "max_warmup_minutes": 0,
        "start_date": "2021-03-01",
        "starting_balance": 100000,
        "suite": {
            "aggregate": {"default":"mean"},
            "base_label": "base",
            "enabled": false,
            "include_base_scenario": true,
            "scenarios": [
                {
                    "coins": ["ADA","BTC","ETH","SOL","XRP"],
                    "label": "trump_troupe"
                },
                {
                    "coins": [
                        "ADA",
                        "BCH",
                        "BNB",
                        "BTC",
                        "DOGE",
                        "ETH",
                        "HYPE",
                        "LINK",
                        "SOL",
                        "TRX",
                        "XRP"
                    ],
                    "label": "subset1"
                },
                {
                    "coins": [
                        "AVAX",
                        "DOT",
                        "HBAR",
                        "LTC",
                        "SHIB",
                        "SUI",
                        "TON",
                        "UNI",
                        "XLM",
                        "XMR",
                        "ZEC"
                    ],
                    "label": "subset2"
                },
                {
                    "coins": [
                        "AVAX",
                        "BTC",
                        "DOGE",
                        "HYPE",
                        "LINK",
                        "SHIB",
                        "SOL",
                        "UNI",
                        "XMR",
                        "XRP",
                        "ZEC"
                    ],
                    "label": "subset3"
                },
                {
                    "coins": [
                        "ADA",
                        "BCH",
                        "BNB",
                        "DOT",
                        "ETH",
                        "HBAR",
                        "LTC",
                        "SUI",
                        "TON",
                        "TRX",
                        "XLM"
                    ],
                    "label": "subset4"
                },
                {
                    "coins": ["ADA","BTC","ETH","SOL","XRP"],
                    "label": "pure_trailing",
                    "overrides": {"bot.long.entry_trailing_grid_ratio":1, "bot.long.close_trailing_grid_ratio":1},
                    "start_date": "2024-07"
                },
                {
                    "coins": ["ADA","BTC","ETH","SOL","XRP"],
                    "label": "pure_grid",
                    "overrides": {"bot.long.entry_trailing_grid_ratio":0, "bot.long.close_trailing_grid_ratio":0},
                    "start_date": "2024-07"
                },
                {
                    "label": "n_positions=3",
                    "overrides": {"bot.long.n_positions":3},
                    "start_date": "2024-07"
                }
            ]
        }
    },
    "bot": {
        "long": {
            "close_grid_markup_end": 0.00294,
            "close_grid_markup_start": 0.00401,
            "close_grid_qty_pct": 0.328,
            "close_trailing_grid_ratio": -0.541,
            "close_trailing_qty_pct": 0.133,
            "close_trailing_retracement_pct": 0.00214,
            "close_trailing_threshold_pct": 0.0344,
            "ema_span_0": 1130.0,
            "ema_span_1": 1370.0,
            "entry_grid_double_down_factor": 2.28,
            "entry_grid_spacing_pct": 0.0147,
            "entry_grid_spacing_volatility_weight": 93.7,
            "entry_grid_spacing_we_weight": 4.35,
            "entry_initial_ema_dist": 0.00245,
            "entry_initial_qty_pct": 0.0159,
            "entry_trailing_double_down_factor": 0.443,
            "entry_trailing_grid_ratio": -0.519,
            "entry_trailing_retracement_pct": 0.00724,
            "entry_trailing_retracement_volatility_weight": 140.0,
            "entry_trailing_retracement_we_weight": 18.6,
            "entry_trailing_threshold_pct": 0.00911,
            "entry_trailing_threshold_volatility_weight": 199.0,
            "entry_trailing_threshold_we_weight": 2.11,
            "entry_volatility_ema_span_hours": 2540.0,
            "filter_volatility_drop_pct": 0,
            "filter_volatility_ema_span": 103.0,
            "filter_volume_drop_pct": 0.5,
            "filter_volume_ema_span": 2160,
            "n_positions": 7,
            "risk_twel_enforcer_threshold": 0.99,
            "risk_we_excess_allowance_pct": 0.907,
            "risk_wel_enforcer_threshold": 0.985,
            "total_wallet_exposure_limit": 1,
            "unstuck_close_pct": 0.0182,
            "unstuck_ema_dist": -0.0906,
            "unstuck_loss_allowance_pct": 0.00143,
            "unstuck_threshold": 0.447
        },
        "short": {
            "close_grid_markup_end": 0.001,
            "close_grid_markup_start": 0.001,
            "close_grid_qty_pct": 0.05,
            "close_trailing_grid_ratio": -1,
            "close_trailing_qty_pct": 0.05,
            "close_trailing_retracement_pct": 0.0001,
            "close_trailing_threshold_pct": 0.0001,
            "ema_span_0": 200,
            "ema_span_1": 200,
            "entry_grid_double_down_factor": 0.2,
            "entry_grid_spacing_pct": 0.001,
            "entry_grid_spacing_volatility_weight": 1,
            "entry_grid_spacing_we_weight": 0.1,
            "entry_initial_ema_dist": -0.1,
            "entry_initial_qty_pct": 0.004,
            "entry_trailing_double_down_factor": 0.2,
            "entry_trailing_grid_ratio": -1,
            "entry_trailing_retracement_pct": 0.0001,
            "entry_trailing_retracement_volatility_weight": 1,
            "entry_trailing_retracement_we_weight": 0,
            "entry_trailing_threshold_pct": 0.0001,
            "entry_trailing_threshold_volatility_weight": 1,
            "entry_trailing_threshold_we_weight": 0,
            "entry_volatility_ema_span_hours": 672,
            "filter_volatility_drop_pct": 0,
            "filter_volatility_ema_span": 10,
            "filter_volume_drop_pct": 0.5,
            "filter_volume_ema_span": 360,
            "n_positions": 7,
            "risk_twel_enforcer_threshold": 0.95,
            "risk_we_excess_allowance_pct": 0,
            "risk_wel_enforcer_threshold": 0.95,
            "total_wallet_exposure_limit": 0,
            "unstuck_close_pct": 0.001,
            "unstuck_ema_dist": -0.1,
            "unstuck_loss_allowance_pct": 0.001,
            "unstuck_threshold": 0.4
        }
    },
    "coin_overrides": {},
    "live": {
        "approved_coins": "configs/approved_coins.json",
        "auto_gs": true,
        "empty_means_all_approved": true,
        "execution_delay_seconds": 2,
        "filter_by_min_effective_cost": true,
        "forced_mode_long": "",
        "forced_mode_short": "",
        "ignored_coins": {"long":[],"short":[]},
        "inactive_coin_candle_ttl_minutes": 10,
        "leverage": 10,
        "market_orders_allowed": false,
        "max_disk_candles_per_symbol_per_tf": 2000000,
        "max_memory_candles_per_symbol": 200000,
        "max_n_cancellations_per_batch": 5,
        "max_n_creations_per_batch": 3,
        "max_n_restarts_per_day": 10,
        "max_warmup_minutes": 0,
        "minimum_coin_age_days": 180,
        "order_match_tolerance_pct": 0.0002,
        "pnls_max_lookback_days": 30,
        "price_distance_threshold": 0.002,
        "recv_window_ms": 5000,
        "time_in_force": "good_till_cancelled",
        "balance_override": null,
        "balance_hysteresis_snap_pct": 0.02,
        "user": "bybit_01",
        "warmup_ratio": 0.3
    },
    "logging": {
        "level": 1,
        "memory_snapshot_interval_minutes": 30,
        "volume_refresh_info_threshold_seconds": 30
    },
    "optimize": {
        "bounds": {
            "long_close_grid_markup_end": [0.001,0.025],
            "long_close_grid_markup_start": [0.001,0.025],
            "long_close_grid_qty_pct": [0.05,1],
            "long_close_trailing_grid_ratio": [-1,1],
            "long_close_trailing_qty_pct": [0.05,1],
            "long_close_trailing_retracement_pct": [0.0001,0.025],
            "long_close_trailing_threshold_pct": [0.0001,0.035],
            "long_ema_span_0": [200,1440,10],
            "long_ema_span_1": [200,1440,10],
            "long_entry_grid_double_down_factor": [0.2,3],
            "long_entry_grid_spacing_pct": [0.001,0.045],
            "long_entry_grid_spacing_volatility_weight": [1,300],
            "long_entry_grid_spacing_we_weight": [0.1,20],
            "long_entry_initial_ema_dist": [-0.1,0.003],
            "long_entry_initial_qty_pct": [0.004,0.05],
            "long_entry_trailing_double_down_factor": [0.2,2],
            "long_entry_trailing_grid_ratio": [-1,1],
            "long_entry_trailing_retracement_pct": [0.0001,0.03],
            "long_entry_trailing_retracement_volatility_weight": [1,300],
            "long_entry_trailing_retracement_we_weight": [0,20],
            "long_entry_trailing_threshold_pct": [0.0001,0.03],
            "long_entry_trailing_threshold_volatility_weight": [1,300],
            "long_entry_trailing_threshold_we_weight": [0,20],
            "long_entry_volatility_ema_span_hours": [672,2688],
            "long_filter_volatility_drop_pct": [0,0],
            "long_filter_volatility_ema_span": [10,720],
            "long_filter_volume_drop_pct": [0.5,1],
            "long_filter_volume_ema_span": [360,2880],
            "long_n_positions": [7,20,1],
            "long_risk_twel_enforcer_threshold": [0.95,0.99],
            "long_risk_we_excess_allowance_pct": [0,3],
            "long_risk_wel_enforcer_threshold": [0.95,0.99],
            "long_total_wallet_exposure_limit": [1,1],
            "long_unstuck_close_pct": [0.001,0.05],
            "long_unstuck_ema_dist": [-0.1,0.01],
            "long_unstuck_loss_allowance_pct": [0.001,0.05],
            "long_unstuck_threshold": [0.4,0.99],
            "short_close_grid_markup_end": [0.001,0.025],
            "short_close_grid_markup_start": [0.001,0.025],
            "short_close_grid_qty_pct": [0.05,1],
            "short_close_trailing_grid_ratio": [-1,1],
            "short_close_trailing_qty_pct": [0.05,1],
            "short_close_trailing_retracement_pct": [0.0001,0.025],
            "short_close_trailing_threshold_pct": [0.0001,0.035],
            "short_ema_span_0": [200,1440,10],
            "short_ema_span_1": [200,1440,10],
            "short_entry_grid_double_down_factor": [0.2,3],
            "short_entry_grid_spacing_pct": [0.001,0.045],
            "short_entry_grid_spacing_volatility_weight": [1,300],
            "short_entry_grid_spacing_we_weight": [0.1,20],
            "short_entry_initial_ema_dist": [-0.1,0.003],
            "short_entry_initial_qty_pct": [0.004,0.05],
            "short_entry_trailing_double_down_factor": [0.2,2],
            "short_entry_trailing_grid_ratio": [-1,1],
            "short_entry_trailing_retracement_pct": [0.0001,0.03],
            "short_entry_trailing_retracement_volatility_weight": [1,300],
            "short_entry_trailing_retracement_we_weight": [0,20],
            "short_entry_trailing_threshold_pct": [0.0001,0.03],
            "short_entry_trailing_threshold_volatility_weight": [1,300],
            "short_entry_trailing_threshold_we_weight": [0,20],
            "short_entry_volatility_ema_span_hours": [672,2688],
            "short_filter_volatility_drop_pct": [0,0],
            "short_filter_volatility_ema_span": [10,720],
            "short_filter_volume_drop_pct": [0.5,1],
            "short_filter_volume_ema_span": [360,2880],
            "short_n_positions": [7,20,1],
            "short_risk_twel_enforcer_threshold": [0.95,0.99],
            "short_risk_we_excess_allowance_pct": [0,3],
            "short_risk_wel_enforcer_threshold": [0.95,0.99],
            "short_total_wallet_exposure_limit": [0,0],
            "short_unstuck_close_pct": [0.001,0.05],
            "short_unstuck_ema_dist": [-0.1,0.01],
            "short_unstuck_loss_allowance_pct": [0.001,0.05],
            "short_unstuck_threshold": [0.4,0.99]
        },
        "compress_results_file": true,
        "crossover_eta": 20,
        "crossover_probability": 0.64,
        "enable_overrides": [],
        "iters": 500000,
        "limits": [
            {"metric":"drawdown_worst_btc","penalize_if":"greater_than","value":0.9},
            {"metric":"drawdown_worst_usd","penalize_if":"greater_than","value":0.9},
            {"metric":"loss_profit_ratio","penalize_if":"greater_than","value":0.6},
            {
                "metric": "adg_pnl_w",
                "penalize_if": "less_than",
                "stat": "mean",
                "value": 0.0007
            },
            {
                "metric": "peak_recovery_hours_pnl",
                "penalize_if": "greater_than",
                "value": 1344
            },
            {
                "metric": "position_held_hours_max",
                "penalize_if": "greater_than",
                "value": 1344
            },
            {
                "metric": "position_unchanged_hours_max",
                "penalize_if": "greater_than",
                "value": 840
            }
        ],
        "mutation_eta": 20,
        "mutation_indpb": 0.05,
        "mutation_probability": 0.34,
        "n_cpus": 8,
        "offspring_multiplier": 1,
        "pareto_max_size": 250,
        "population_size": 250,
        "round_to_n_significant_digits": 3,
        "scoring": [
            "adg_pnl_w",
            "mdg_pnl_w",
            "loss_profit_ratio",
            "peak_recovery_hours_pnl",
            "position_held_hours_max",
            "position_unchanged_hours_max",
            "volume_pct_per_day_avg_w",
            "entry_initial_balance_pct_long"
        ],
        "write_all_results": true
    }
}
