{"backtest": {"base_dir": "backtests",
              "combine_ohlcvs": true,
              "compress_cache": true,
              "end_date": "now",
              "exchanges": ["binance"],
              "gap_tolerance_ohlcvs_minutes": 120,
              "max_warmup_minutes": 0,
              "start_date": "2020-01-15",
              "starting_balance": 100000,
              "btc_collateral_cap": 1.0,
              "btc_collateral_ltv_cap": null,
              "emit_legacy_metrics": false},
 "bot": {"long": {"close_grid_markup_end": 0.006144,
                  "close_grid_markup_start": 0.00572,
                  "close_grid_qty_pct": 0.8614,
                  "close_trailing_grid_ratio": -0.1875,
                  "close_trailing_qty_pct": 0.349,
                  "close_trailing_retracement_pct": 0.04825,
                  "close_trailing_threshold_pct": 0.03976,
                  "ema_span_0": 1120.0,
                  "ema_span_1": 947.1,
                  "enforce_exposure_limit": true,
                  "entry_grid_double_down_factor": 3.956,
                  "entry_grid_spacing_log_span_hours": 672.0,
                  "entry_grid_spacing_volatility_weight": 0.1005,
                  "entry_grid_spacing_pct": 0.02525,
                  "entry_grid_spacing_we_weight": 1.527,
                  "entry_initial_ema_dist": -0.008926,
                  "entry_initial_qty_pct": 0.01961,
                  "entry_trailing_double_down_factor": 3.392,
                  "entry_trailing_grid_ratio": -0.8133,
                  "entry_trailing_retracement_pct": 0.08721,
                  "entry_trailing_threshold_pct": 0.08485,
                  "filter_log_range_ema_span": 31.08,
                  "filter_volume_drop_pct": 0.8535,
                  "filter_volume_ema_span": 1284.0,
                  "n_positions": 1,
                  "total_wallet_exposure_limit": 1.5,
                  "unstuck_close_pct": 0.0164,
                  "unstuck_ema_dist": -0.03583,
                  "unstuck_loss_allowance_pct": 0.001531,
                  "unstuck_threshold": 0.9436},
         "short": {"close_grid_markup_end": 0.004618,
                   "close_grid_markup_start": 0.006379,
                   "close_grid_qty_pct": 0.4438,
                   "close_trailing_grid_ratio": -0.2017,
                   "close_trailing_qty_pct": 0.5138,
                   "close_trailing_retracement_pct": 0.01869,
                   "close_trailing_threshold_pct": 0.001355,
                   "ema_span_0": 348.4,
                   "ema_span_1": 1096,
                   "enforce_exposure_limit": true,
                   "entry_grid_double_down_factor": 1.647,
                   "entry_grid_spacing_log_span_hours": 951.6,
                   "entry_grid_spacing_volatility_weight": 0.1,
                   "entry_grid_spacing_pct": 0.01049,
                   "entry_grid_spacing_we_weight": 1.304,
                   "entry_initial_ema_dist": -0.0347,
                   "entry_initial_qty_pct": 0.007729,
                   "entry_trailing_double_down_factor": 2.848,
                   "entry_trailing_grid_ratio": -0.4321,
                   "entry_trailing_retracement_pct": 0.01839,
                   "entry_trailing_threshold_pct": 0.05876,
                   "filter_log_range_ema_span": 95.03,
                   "filter_volume_drop_pct": 0.6275,
                   "filter_volume_ema_span": 2403.0,
                   "n_positions": 1,
                   "total_wallet_exposure_limit": 1.5,
                   "unstuck_close_pct": 0.08649,
                   "unstuck_ema_dist": -0.00516,
                   "unstuck_loss_allowance_pct": 0.01666,
                   "unstuck_threshold": 0.4958}},
 "coin_overrides": {},
 "live": {"approved_coins": {"long": ["XMR"], "short": ["XMR"]},
          "auto_gs": true,
          "empty_means_all_approved": true,
          "execution_delay_seconds": 2,
          "filter_by_min_effective_cost": true,
          "forced_mode_long": "",
          "forced_mode_short": "",
          "ignored_coins": {"long": [], "short": []},
          "inactive_coin_candle_ttl_minutes": 10,
          "leverage": 10,
          "market_orders_allowed": false,
          "max_disk_candles_per_symbol_per_tf": 2000000,
          "max_memory_candles_per_symbol": 200000,
          "max_n_cancellations_per_batch": 5,
          "max_n_creations_per_batch": 3,
          "max_n_restarts_per_day": 10,
          "minimum_coin_age_days": 180,
          "pnls_max_lookback_days": 30,
          "price_distance_threshold": 0.002,
          "time_in_force": "good_till_cancelled",
          "user": "bybit_01",
          "warmup_ratio": 0.2},
 "optimize": {"bounds": {"long_close_grid_markup_end": [0.001, 0.03],
                         "long_close_grid_markup_start": [0.001, 0.03],
                         "long_close_grid_qty_pct": [0.05, 1],
                         "long_close_trailing_grid_ratio": [-1, 1],
                         "long_close_trailing_qty_pct": [0.05, 1],
                         "long_close_trailing_retracement_pct": [0.0001, 0.1],
                         "long_close_trailing_threshold_pct": [-0.01, 0.1],
                         "long_ema_span_0": [200, 1440],
                         "long_ema_span_1": [200, 1440],
                         "long_entry_grid_double_down_factor": [0.01, 4],
                         "long_entry_grid_spacing_log_span_hours": [672, 2688],
                         "long_entry_grid_spacing_volatility_weight": [0.1, 400],
                         "long_entry_grid_spacing_pct": [0.001, 0.06],
                         "long_entry_grid_spacing_we_weight": [0, 10],
                         "long_entry_initial_ema_dist": [-0.1, 0.003],
                         "long_entry_initial_qty_pct": [0.004, 0.1],
                         "long_entry_trailing_double_down_factor": [0.01, 4],
                         "long_entry_trailing_grid_ratio": [-1, 1],
                         "long_entry_trailing_retracement_pct": [0.0001, 0.1],
                         "long_entry_trailing_threshold_pct": [-0.01, 0.1],
                         "long_filter_log_range_ema_span": [10, 360],
                         "long_filter_volume_drop_pct": [0.5, 1],
                         "long_filter_volume_ema_span": [360, 2880],
                         "long_n_positions": [1.0, 1.0],
                         "long_total_wallet_exposure_limit": [2, 2],
                         "long_unstuck_close_pct": [0.001, 0.1],
                         "long_unstuck_ema_dist": [-0.1, 0.01],
                         "long_unstuck_loss_allowance_pct": [0.001, 0.05],
                         "long_unstuck_threshold": [0.4, 0.95],
                         "short_close_grid_markup_end": [0.001, 0.03],
                         "short_close_grid_markup_start": [0.001, 0.03],
                         "short_close_grid_qty_pct": [0.05, 1],
                         "short_close_trailing_grid_ratio": [-1, 1],
                         "short_close_trailing_qty_pct": [0.05, 1],
                         "short_close_trailing_retracement_pct": [0.0001, 0.1],
                         "short_close_trailing_threshold_pct": [-0.01, 0.1],
                         "short_ema_span_0": [200, 1440],
                         "short_ema_span_1": [200, 1440],
                         "short_entry_grid_double_down_factor": [0.01, 4],
                         "short_entry_grid_spacing_log_span_hours": [672, 2688],
                         "short_entry_grid_spacing_volatility_weight": [0.1, 400],
                         "short_entry_grid_spacing_pct": [0.001, 0.06],
                         "short_entry_grid_spacing_we_weight": [0, 10],
                         "short_entry_initial_ema_dist": [-0.1, 0.003],
                         "short_entry_initial_qty_pct": [0.004, 0.1],
                         "short_entry_trailing_double_down_factor": [0.01, 4],
                         "short_entry_trailing_grid_ratio": [-1, 1],
                         "short_entry_trailing_retracement_pct": [0.0001, 0.1],
                         "short_entry_trailing_threshold_pct": [-0.01, 0.1],
                         "short_filter_log_range_ema_span": [10, 360],
                         "short_filter_volume_drop_pct": [0.5, 1],
                         "short_filter_volume_ema_span": [360, 2880],
                         "short_n_positions": [1.0, 1.0],
                         "short_total_wallet_exposure_limit": [2, 2],
                         "short_unstuck_close_pct": [0.001, 0.1],
                         "short_unstuck_ema_dist": [-0.1, 0.01],
                         "short_unstuck_loss_allowance_pct": [0.001, 0.05],
                         "short_unstuck_threshold": [0.4, 0.95]},
              "compress_results_file": true,
              "crossover_probability": 0.64,
              "enable_overrides": [],
              "iters": 300000,
              "limits": {"penalize_if_greater_than_drawdown_worst_btc": 0.5,
                         "penalize_if_greater_than_flat_btc_balance_hours": 672,
                         "penalize_if_greater_than_loss_profit_ratio_usd": 0.35},
              "mutation_probability": 0.34,
              "n_cpus": 6,
              "population_size": 300,
              "round_to_n_significant_digits": 4,
              "scoring": ["adg_btc", "mdg_btc", "sharpe_ratio_btc"],
              "write_all_results": false}}
